,Page,Members,Message,Date,Interactions,hrefs
0,Collapse of Civilization,"192,370 Subscribers",What if we get a vaccine and half of America refuse to take it?,"May 13, 2020",127,https://redd.it/gj8gl5
1,Novel Coronavirus (COVID-19),"2,062,747 Subscribers",Get Ready for a Vaccine Information War,"May 13, 2020",85,https://redd.it/gj17e0
2,Politics,"6,066,416 Subscribers","Get Ready for a Vaccine Information War - Social media is already filling up with misinformation about a Covid-19 vaccine, months or years before one even exists.","May 13, 2020",77,https://redd.it/gj6i30
3,$100% True Stories from the An...,"311,606 Subscribers","Get Ready for a Vaccine Information War | Social media is already filling up with misinformation about a Covid-19 vaccine, months or years before one even exists.","May 13, 2020",64,https://redd.it/gj74ob
4,/r/Technology ,"8,915,108 Subscribers","Get Ready for a Vaccine Information War | Social media is already filling up with misinformation about a Covid-19 vaccine, months or years before one even exists.","May 13, 2020",42,https://redd.it/gj6zku
5,/r/Technology ,"8,915,108 Subscribers",Get Ready for a Vaccine Information War,"May 13, 2020",11,https://redd.it/gj0s5q
6,skeptic,"143,090 Subscribers",Get Ready for a Vaccine Information War,"May 13, 2020",11,https://redd.it/gj3ilu
7,$100% True Stories from the An...,"311,606 Subscribers",Get Ready for a Vaccine Information War,"May 13, 2020",6,https://redd.it/gj4g8j
8,skeptic,"143,090 Subscribers",Get Ready for a Vaccine Information War,"May 13, 2020",5,https://redd.it/gj1fid
9,AnythingGoesNews,"28,319 Subscribers",Get Ready for a Vaccine Information War,"May 13, 2020",4,https://redd.it/gj0xmi
10,AnythingGoesNews,"28,319 Subscribers","Get Ready for a Covid-19 Vaccine Information War | What happens when we finally get a vaccine and half the country refuses to take it? Social media is already filling up with misinformation about a Covid-19 vaccine, months or years before one even exists.","May 13, 2020",3,https://redd.it/gj7b19
11,$100% True Stories from the An...,"311,606 Subscribers",Get Ready for a Vaccine Information War,"May 13, 2020",3,https://redd.it/gjb05q
12,World News,"23,971,762 Subscribers","Social media is already filling up with misinformation about a COVID-19 vaccine, months or years before one even exists.","May 14, 2020",2,https://redd.it/gjh8db
13,RSSBot,89 Subscribers,Get Ready for a Covid-19 Vaccine Information War,"May 14, 2020",1,https://redd.it/gjv971
14,What The Fuck Just Happened To...,158 Subscribers,Get Ready for a Vaccine Information War,"May 13, 2020",1,https://redd.it/gj8n31
15,AutoNewspaper: Constantly Upda...,"9,191 Subscribers",[Tech] - Get Ready for a Vaccine Information War | NY Times,"May 13, 2020",1,https://redd.it/gj2cwe
16,The New York Times,"2,424 Subscribers",Get Ready for a Vaccine Information War,"May 13, 2020",1,https://redd.it/gj18dj
17,Reddit's connection to The Slp...,16 Subscribers,Get Ready for a Vaccine Information War,"May 13, 2020",1,https://redd.it/gj3sde
